PP,Demand,Wind
0.10762925682415878,5.1812925,7.355375890250837
0.9233146302466173,5.380152,6.461152931387906
1.7802438682894108,5.5193615,5.420662421107993
1.080534374481057,5.5495245,6.478770988099781
0.9297484397801016,5.5377875,6.680352593499041
3.225367897215414,5.537142,3.351418232827781
4.867613808500473,5.577153,1.028631033233449
5.077471471818565,5.581966,0.7313742976883308
4.826959885520844,5.598156,1.1180161230575467
3.683272401089936,5.6702955,2.8806211795739456
4.297103820974704,5.707148,2.0441650269208704
3.464216653895977,5.8269325,3.4252693444683993
2.2897351341067878,5.8182075,5.115286396873945
2.880664295218831,5.799185,4.231029100493522
2.9454224242040095,5.615506,3.870865569510367
2.32004584426944,5.4350925,4.515936113846742
2.086115620844111,5.2260445,4.552008296312184
2.783256532301572,5.017342,3.238791697318443
2.417796929791783,4.9159815,3.621660657680847
0.7336547383193942,4.8547755,5.974458855221648
2.6070825557172946e-10,4.850867,8.233588483546335
2.5762641478011494e-10,5.01094,9.6750241041312
0.4789228270182134,5.356994,7.071822739646725
2.6286373090344323e-10,5.748379,8.907137991861019
2.567067708542701e-10,6.332911,10.759113493338262
2.5557719648945365e-10,6.547105,11.450526467156365
2.5629195018662084e-10,6.657469,11.171159600801342
0.2875267783080932,6.6575585,9.23474332045762
1.3844570639802167,6.6089965,7.574103672924528
2.1703504020572097,6.6832435,6.5424178738665955
3.1480581733959676,6.693432,5.13978873189305
3.637570266267995,6.6709505,4.397542912990164
3.7723921356655303,6.6305265,4.143485995774343
4.051858235312117,6.48294,3.5243805793209613
3.6661698710416313,6.340855,3.877536519386111
2.596812681105529,6.3048125,5.375550398655185
0.21328010873686457,6.203755,8.68449332840801
2.547015708058136e-10,6.0597745,11.741782338800043
2.582001369518808e-10,5.8152055,9.79881078868933
0.41429904172129534,5.5715965,7.47662183414403
0.31477844831813967,5.3437935,7.290648647674521
2.624485938707778e-10,5.1509455,8.214272719869307
2.57281875863359e-10,5.0201845,9.848087676682432
2.5966728252845365e-10,4.9418225,8.67715374750366
2.6724643146580484e-10,4.921411,7.475058006034638
2.5983328608551803e-10,4.9904145,8.635183119773272
2.535869296244211e-10,5.14312,11.963682642493456
2.541214127224326e-10,5.361266,11.738708420165802
2.578878428630858e-10,6.314333,10.329170027292475
2.6068309830735347e-10,6.5265695,10.102131475535407
2.608914499963848e-10,6.6164045,9.776876146607925
2.618536123707286e-10,6.5876975,10.052788900321785
0.10017308586422252,6.534213,9.327537085684284
1.0399536522278447,6.615147,8.082452612269984
1.6109862789965663,6.658895,7.318039121458364
1.9115074624050452,6.684675,6.919742155432726
2.6280836570403e-10,6.6672475,9.936351981287888
2.5187035210795087e-10,6.517024,14.501139447288494
2.521917139451728e-10,6.379447,13.982322841491666
2.5105189070687057e-10,6.380824,17.647200729147045
2.510126288809775e-10,6.3046115,17.369847364528297
2.509687364369874e-10,6.147336,16.656795436527396
2.5126925283423487e-10,5.848286,14.963716558233001
2.512564246087175e-10,5.5683705,14.708830560485152
2.5153026120872866e-10,5.3475235,14.04286480158478
2.513232237748333e-10,5.1561985,14.195657140463805
2.5112817841810367e-10,5.051575,14.447483101190464
2.5254377797073945e-10,4.994721,12.66679783996482
2.5482141387335726e-10,4.9965225,11.112694778430098
2.561243720778206e-10,5.159787,10.493468529929098
2.523799247084904e-10,5.524473,13.183672117106724
2.5239289809562663e-10,5.9367045,13.455412396629836
0.8637691680984841,6.364336,7.974265283045456
0.7289393673679267,6.579559,8.481742781472668
1.382865467533239e-10,6.689856,9.698398021429643
0.322817803509428,6.6715395,9.203849814464977
0.6919362882544542,6.5974115,8.561267847412541
0.6829079589417203,6.691101,8.710179631451549
0.5031221914206184,6.700236,8.984061280971353
2.587764756941506e-10,6.700472,10.566342776717306
2.5367380636493947e-10,6.691822,12.78753092742534
2.5124364896404477e-10,6.5753945,15.851200423288082
2.5256496885517507e-10,6.4164665,13.60102949191365
2.511344846618033e-10,6.419764,16.059138877253353
2.544990192007327e-10,6.3505495,12.01822271306767
2.628228245405777e-10,6.217512,9.495928279013965
2.584174393286597e-10,5.9549445,9.844382216209095
0.49881841851872594,5.672855,7.500888825733631
0.22507858052943452,5.4018185,7.5048079008572826
2.648940970561885e-10,5.2503655,8.099026184931857
2.630608382433493e-10,5.1360755,8.125938458612517
0.5363120492807666,5.0757245,6.580863430538598
2.484854572028687,5.060735,3.7342976640288956
3.77526145169952,5.226395,2.1037329843498336
2.950917937499713,5.5501505,3.7681516505944925
3.1844633522902543,5.9015225,3.938966855011328
2.578963156158786e-10,5.3572225,9.675408949194038
2.6443891963388295e-10,5.5524565,8.241112389374493
1.1380289593695947,5.687623,6.595623854642252
1.7256945950931808,5.7021955,5.7648009893636
1.6047969326104772,5.6853195,5.915602962528104
0.6621947635441405,5.723161,7.336968823642543
2.632613486351628e-10,5.7502625,8.871949486168624
2.5339039707311106e-10,5.7670935,12.482446798690459
2.520110356193217e-10,5.7817175,13.761238333006453
2.52921194287023e-10,5.796116,12.874767205563277
2.509048410626932e-10,5.892611,16.520957078981287
2.510914650392081e-10,6.023255,15.652488614797138
2.5342729966109753e-10,6.0717545,12.633820994842416
2.572758593623501e-10,6.0504035,10.325361313377735
2.5311968187572564e-10,5.8622495,12.751779238490075
2.508496048580549e-10,5.6195565,16.19591789297041
2.510077715060879e-10,5.3598045,15.064390333210238
2.5089104554658224e-10,5.2333555,15.26071753340571
2.50707674476452e-10,5.1353865,16.76882098405729
2.50703118512465e-10,5.0656575,16.919391119972904
2.5068309154232537e-10,5.075163,16.28130109502393
2.507633210852954e-10,5.2545275,15.929126384648285
2.50833538806745e-10,5.612144,16.36512612178987
2.5094537755920264e-10,6.0392185,16.54132207317051
3.2342151666496517,5.5903655,3.4157512089715754
3.291884810195814,5.7865035,3.6164911402104734
3.9605052842062793,5.8930535,2.8016480150848957
4.387218507801086,5.8829245,2.1683504143033216
4.7154172273887935,5.8658645,1.6678229768101327
4.231426479685416,5.9058985,2.4275105654797784
3.9346223591333906,5.9234225,2.8831973875217116
3.9039347156125883,5.9251695,2.9302184418393784
5.243363057962429,5.944006,1.0157339890919401
4.829439282915012,5.9611865,1.6407131882881123
5.392835698674458,6.059138,0.9659497782301311
5.801231697267575,6.182138,0.5522063454269984
5.9927479099628105,6.2377325,0.35515832697035177
6.124436133873921,6.2210585,0.14007508786324596
5.919352729806528,5.991954,0.10525129650960932
5.720817553592753,5.801615,0.11713343254644792
5.6624332925122545,5.7380415,0.10961050463261306
5.271878128900689,5.3691405,0.14100291389017053
5.100475564156221,5.276942,0.2558263935515397
4.918555541271075,5.211465,0.42463582414040146
4.989578520340724,5.198518,0.3029031174308213
5.186763936903597,5.355016,0.24391787767959106
4.924026445464263,5.6866345,1.1055658665030907
5.353305199121121,6.099927,1.0823903227024874
5.273549493049542,6.0777285,1.1658319832028532
5.183659081872262,6.340353,1.6768788450517422
5.362560043439786,6.46681,1.6008499420688527
5.73784249380576,6.4486895,1.0305269944385962
5.869076356527738,6.3333485,0.6730632225296718
5.920278286025685,6.285949,0.5301190533051732
5.689451297983674,6.254929,0.8197826419178633
4.80749090717668,6.170941,1.9766167877460348
2.6796318957316236,6.1034255,4.963531815902517
2.037124032314524,6.094644,5.882255702541994
4.169122795156765,6.12142,2.8302784603767512
3.990918838107253,6.20545,3.210443487640382
3.836374142043973,6.206173,3.435537707210747
4.0823645186322635,6.1634485,3.0169828405398684
4.526644172316764,6.0218505,2.167626042158394
4.112018141018486,5.8630745,2.538536183690218
4.32257098938948,5.672336,1.9567772913209551
4.7066088397936445,5.481207,1.1229481266056556
4.645834473046322,5.344852,1.0133775972023775
4.788865945823436,5.2563315,0.6776927643336309
4.923500055212338,5.2168025,0.4252055427131295
5.117602665226078,5.2703545,0.2214469330733678
5.199150650267647,5.3135065,0.16578362056892212
5.248586404238406,5.414236,0.2401450365243486
2.539310404879126e-10,6.546079,12.515392708328111
2.0420326330967793,6.7619385,6.842527805628135
2.526843184337639,6.8227115,6.227793356121183
2.623997154942274,6.7755515,6.018578938630555
1.2516177874494248,6.6777095,7.8662974359571685
0.1071584576865969,6.740408,9.61633467153642
2.1669390648750078,6.758795,6.656891641825991
2.1425180184266233,6.7249465,6.643224502082136
2.8372910254542747,6.7073305,5.610462043207871
2.5817025002439915,6.554195,5.7589899362467944
3.344909665157099,6.4436845,4.492346578366208
4.863489176599918,6.5138185,2.3925104871810263
4.062596548620286,6.4669715,3.4856632578738758
3.407983167627317,6.3370335,4.246294080683901
2.173961404823696,6.072294,5.651479061365444
1.0746951840299308,5.791859,6.838552607763061
0.3489188094827679,5.541294,7.527474619140344
2.6524562403338444e-10,5.366658,8.213503888400108
2.571320415523532e-10,5.250892,10.016938418188483
2.5077689087436117e-10,5.1900545,15.687831392436633
2.523730717909687e-10,5.1788345,12.948608776576371
2.579868317811229e-10,5.3360405,9.622413410810042
1.6721980621710828,5.645629,5.760350405880464
3.0310123107972746,6.035133,4.355124853680365
0.739268696307896,6.5754435,8.460801867302825
0.9237855236354976,6.8095755,8.532729826949845
1.7752902605730916,6.8900075,7.414892566806847
2.3353091662487424,6.867046,6.569735958139082
0.563322023098904,6.792387,9.030381433087806
2.552451079056033e-10,6.8574765,11.81677241055474
2.5218514675838763e-10,6.8799455,14.340746352826592
2.5205823970486095e-10,6.8620835,14.495386353483912
2.5126850335287527e-10,6.8519995,16.127128656670102
2.51355318779945e-10,6.704306,15.660063634537266
1.166897482398039,6.557915,7.815449779048151
0.02954829291824661,6.546439,9.447647289425188
2.540286363612589e-10,6.473952,12.406670746188583
2.522985000309929e-10,6.3670145,13.851240916095616
2.525578212787101e-10,6.1616095,13.441550365717188
2.538337678740959e-10,5.932895,12.254720057618353
2.5513392683686476e-10,5.65621,11.278282839986304
2.5255957072682267e-10,5.5055325,13.001632268999018
2.511223560510468e-10,5.3651765,14.785129654039583
2.5089241108077044e-10,5.2742385,15.313970621029775
2.507381326924253e-10,5.2351045,16.121939318546044
2.5097210374245927e-10,5.293472,18.218209099310357
2.507883834127279e-10,5.414102,17.00093710548695
2.5092922693289883e-10,5.61398,17.78376999416794
2.52920008606421e-10,6.6815935,13.421754231444215
2.5531810549646433e-10,6.907741,11.809185655842755
2.525465021971895e-10,7.0015795,13.994969801934145
2.5229658178804505e-10,6.9790355,14.269433405881479
2.5129834058977724e-10,6.9067545,16.085722452464168
2.5394954246630497e-10,6.951489,12.713747601943297
2.5581946553529985e-10,6.9487805,11.598606022256263
2.5411843516996484e-10,6.9642025,12.59622693917713
2.527112839680648e-10,6.946077,13.785640205217707
2.520665595043531e-10,6.782765,14.426791698281999
1.18781103818372,6.652427,7.922146695292102
0.491465352121689,6.64867,8.926204291979806
2.5693831070763385e-10,6.59972,10.881002284714171
2.539936701858787e-10,6.480425,12.435308895537165
2.557703304230192e-10,6.2342265,11.180080063686788
2.573014422864776e-10,5.949599,10.251112333717705
2.5613969062546406e-10,5.67821,10.719738130959126
2.54150262913591e-10,5.4924685,11.794445887197696
2.552602021189874e-10,5.374496,11.065087619511928
2.559838724626746e-10,5.3077635,10.63680147972529
2.5579709880875227e-10,5.30967,10.737696978886238
2.5456579346942906e-10,5.473695,11.52347067059591
2.527017645383556e-10,5.8165945,13.079629355737428
2.5360686948984016e-10,6.225822,12.584321953337366
6.404450324610763,6.6135835,0.3031839219504867
4.906821673027358,6.831573,2.7903447327716417
2.4172421150076966,6.9372355,6.5527112807562
0.9093757136343025,6.918116,8.710972982333493
2.5727118507443135e-10,6.84664,11.027949605842394
2.546885890152147e-10,6.9142665,12.181714364834402
2.5512283220291255e-10,6.925501,11.927330323352276
0.31554872457158484,6.9446755,9.610357826164776
0.19632231650154924,6.9650175,9.81269252099782
2.535543244548147e-10,6.834677,12.959360729876451
2.5349624970754936e-10,6.6946,12.930144084577817
2.515541609780727e-10,6.7310625,15.216908116680624
2.541024650408998e-10,6.667183,12.453267791167413
0.21948079609943708,6.531271,9.15030960165551
1.3940620055665414,6.2671455,7.0645920173024495
1.541467016532361,5.9558395,6.399590863548119
2.0568017600380126,5.589486,5.121392422342292
2.7285199954157533,5.4818525,3.991552957365037
3.1651891652739055,5.365739,3.190174519867209
3.06573586021017,5.2972645,3.2350850204150947
2.02199141237803,5.2963925,4.746954943853044
2.266521141174171,5.4557355,4.62345829437171
5.348999924243611,5.7826695,0.6286981596574603
5.922595233067698,6.199173,0.4009594928009471
3.3287811450039033,5.59294,3.2823895983312714
3.8648210878882976,5.791715,2.793450874875352
4.2901224574453485,5.9115165,2.350562518441013
4.428264873907443,5.9124785,2.151689735712133
4.5040830749836385,5.8823005,1.998025240367801
4.329520119072539,5.933325,2.3250632116969867
3.7238481788692237,5.968314,3.2538402722249575
3.248695807964458,5.988343,3.9717131270179937
0.7224778063375845,6.0196195,7.679356400528265
1.6040352378383969,6.046462,6.440261628481198
4.386695557062841,6.1370705,2.537548323264584
3.721017207393352,6.289632,3.723764548872696
3.8314621719311823,6.3363945,3.6314429970054407
3.9481005023547087,6.2689915,3.364635150358675
3.678811073697768,6.0456,3.431174158102219
3.425570191104888,5.7977115,3.4389335981724285
2.8712347815663426,5.566559,3.9074573584024552
2.755938674414882,5.4151255,3.8550683654134392
2.725832130845431,5.307396,3.742537045366812
3.135486142441864,5.2348485,3.043481313353146
3.7353398629859442,5.2379355,2.1783384495573808
3.9795740297694113,5.401165,2.0609046065017007
4.50866629979953,5.7728615,1.8327252819113204
4.662688078344874,6.2266695,2.2673304655273983
5.663962135388548,6.557378,1.2952001733795089
5.803325799203674,6.780551,1.4166999933711737
5.467645209777253,6.9012175,2.078274129866518
5.561532064710219,6.8732295,1.9015900799816365
3.3873889960160164,6.801728,4.949825321070115
3.3080435172972025,6.8845805,5.184966489269513
3.7683253334065467,6.888589,4.523499303208737
5.6250289611707265,6.8687635,1.80306311315878
5.809286555647334,6.869976,1.5376995267069329
5.396513089800054,6.774309,1.997414163174747
5.884264014471941,6.6734725,1.144128963706215
5.908761799170016,6.657315,1.0851903060688817
5.908320651446082,6.5378485,0.9126372286450075
5.818244737476084,6.4003985,0.8439582104441958
5.833936612129997,6.131867,0.4319147505052533
5.658743783615222,5.8602315,0.2921001694766107
5.552885235528811,5.609348,0.08185503029118707
5.267561040582456,5.4346005,0.24215994550317918
4.9426797391971995,5.320477,0.5476991144679253
4.217744348308266,5.252271,1.4997708812343022
3.288787171854475,5.251257,2.8450258853754007
0.42210713050793414,5.4050465,7.223851947581496
2.139398902679499,5.736436,5.214685854084073
4.024820565958937,6.1286085,3.049897146848839
5.120552834566197,5.8038985,0.9906578330302703
5.646056385319737,6.036629,0.5662197622469186
5.58579932188748,6.1944215,0.8823299226591443
5.692810106485824,6.169092,0.6904739614054025
5.861927274111123,6.0784415,0.31388435586192814
5.689661784549789,6.0513825,0.5243926732576625
5.474806983023805,6.033913,0.8105455017532555
5.468738611835211,6.014418,0.7910806896226991
5.101013983637617,6.0026215,1.307075750234923
5.220887685659477,5.929754,1.0276555517720307
5.3945492584760295,5.9517015,0.8077130802532722
5.823493804369058,6.002083,0.25890379451482737
5.69034985380841,6.0034695,0.4539348766092941
5.513303236251921,5.921904,0.5923554765500811
5.443041157845258,5.7485905,0.4429600781017675
5.459426732939595,5.5470145,0.12697747587956731
5.178165725807524,5.2900555,0.1622085089191605
4.804502262323964,5.138923,0.4848154312000701
4.685074926645289,5.023763,0.49100186030689474
4.69636891519597,4.93937,0.3522828056855189
4.4989504758105845,4.915837,0.6043674843791205
4.249744049304064,4.949842,1.0149439058749254
2.9460979592576364,5.004974,2.9847876113275484
2.737300583208993,5.091467,3.412875091397522
2.956046669277066,6.4041805,4.9988182561364685
4.092504451121959,6.5923595,3.624082379017396
4.915275004597018,6.661112,2.5309695835538815
4.997032180221783,6.6755425,2.433364956897122
3.1151668733851734,6.600401,5.052603186041984
3.099712894567335,6.6576975,5.15807079242918
4.356506485874257,6.6736615,3.3592190315183177
4.668720541542428,6.6801095,2.9159447805521115
4.649437858068269,6.6527695,2.904263951756076
3.3971892993389856,6.504781,4.505128538688181
5.646442503221307,6.4044865,1.0989492743526776
5.065903549286959,6.41627,1.957649209270576
4.796334056625259,6.33138,2.2253822105685592
4.468733370542404,6.154478,2.443852658666298
3.813591158167937,5.858517,2.9645637707225747
3.2344657758205053,5.5713925,3.3878824158267067
3.7476287327225166,5.324682,2.286280942428016
4.02677765561586,5.15055,1.6291518797034117
4.0979608931716145,5.0385685,1.3636148446431378
4.542446701924051,4.9903695,0.6493612984568784
4.521082184434692,4.9896765,0.6793291489153588
4.382986513835345,5.1612905,1.1283205255203748
4.830592854360178,5.4947375,0.9628217880893857
5.185792237297713,5.885847,1.0148812955067845
2.5785196774885374e-10,6.228615,10.258815770304336
1.0057762225375693,6.4482145,7.889995329114833
1.5403966319558509,6.555947,7.271128666865295
1.6145959940579058,6.529146,7.124706724243371
0.7569071663182122,6.464474,8.274356705989595
0.3273509517892298,6.52975,8.991723382789226
0.45729977583932213,6.5527515,8.836680028251669
0.7145763396282186,6.573474,8.493743579064365
2.56092998568257e-10,6.5533005,11.18681367163381
2.517909018877968e-10,6.4337565,14.553101711859835
2.7027985447374503,6.334978,5.265632328042695
3.0646354293366413,6.314693,4.711663733305329
4.0677642928294375,6.210204,3.10593127969366
3.145685616721795,6.0487235,4.208583390847107
2.2525411397633364,5.7775405,5.110251521509534
1.9920753833126599,5.531821,5.131629420271647
1.9168142896330072,5.3210975,4.935247266061624
1.2687116220248469,5.1377275,5.6089781178540115
1.3546594120141398,5.0158675,5.307715630584167
0.3519526535788125,4.948877,6.664239403818446
0.828333802477831,4.9275635,5.942723007224715
0.7504962010168732,4.99768,6.157214584315783
2.565596192122963e-10,5.1533305,10.266599300459049
2.5745038535287167e-10,5.3555575,9.897220167277926
1.1138146399484277,5.362888,12.96335726176325
2.0343389826918004,5.577371,10.809319100643417
1.6416245909668683,5.7224475,12.450047530192471
2.3937509495952174,5.7422255,10.215750165124293
3.217498149505235,5.7250095,7.650083376155358
4.325655681125607,5.7504935,4.346990537325224
5.15257567637092,5.7536865,1.8339091146237627
4.613705003544774,5.751321,3.4707149869553775
4.518838429931271,5.75521,3.772005097475219
3.660735650884233,5.7666485,6.4248598020592755
4.0035575260864675,5.820635,5.543661516920522
2.5525071758294136,5.9308,10.306721749505336
1.5937611690218134,5.999846,13.442378360999676
1.3631665642506083,5.9422135,13.970062721037516
2.021649216175122,5.756617,11.394889577232048
1.531472782099006,5.510296,12.138860048920915
0.2819105278036348,5.227304,15.087737242175903
2.631473149881048e-10,5.087694,15.824215919202288
2.5949076733570286e-10,4.9822605,18.461689342664727
2.5743048768630037e-10,4.921358,20.48669159924426
2.5533308325789515e-10,4.928267,22.71492766548652
2.5669085085484224e-10,5.106466,21.42187603128528
0.8295661732638686,5.476132,14.176053870529358
0.7943180810972511,5.926171,15.656600195985536
2.5329369898661e-10,6.429015,27.24583693054556
2.5682064005372213e-10,6.6604705,23.09565524419765
2.5436790781971695e-10,6.77825,25.93299542371685
2.531231037192902e-10,6.743497,27.933444792109523
2.512683997506058e-10,6.666017,33.42264070333165
2.5116791104195404e-10,6.750957,37.96367783273452
2.5140107189016125e-10,6.7659115,40.377906165536814
2.518224276118702e-10,6.7532755,43.37057126852443
2.5187748859582167e-10,6.749672,43.7299378335091
2.520740430298805e-10,6.6204995,45.042438368436414
2.5179555821972743e-10,6.4859195,43.3090036794084
2.515549422817793e-10,6.473084,41.729472754207386
2.512721700480428e-10,6.381502,39.680580579685895
2.5100510905606706e-10,6.2516165,34.85067770733569
2.5279191986266577e-10,5.9586945,27.54871610163573
2.510306038806742e-10,5.679721,32.40644555382725
2.512839909144202e-10,5.388121,40.55310112240504
2.516590865893431e-10,5.2477335,42.94276095650062
2.5177585536885723e-10,5.1341415,43.678045554245074
2.518675641322613e-10,5.0592585,44.24975504368372
2.5204102653111e-10,5.062004,45.307306927586744
2.520403501933716e-10,5.2503675,45.24988987955038
2.519707233135488e-10,5.5831735,44.720340790212276
2.522264760978803e-10,5.962191,46.23574415162585
2.510205631917666e-10,5.8762175,33.06240978737657
2.5128625260855864e-10,6.107469,31.97479645936938
2.5100322710908914e-10,6.255615,34.92863589054157
2.5103152259329493e-10,6.2366395,34.28322677775071
2.511620023087579e-10,6.147177,38.97729629276651
2.5219680692809106e-10,6.1058635,45.998335300003106
2.523252950324317e-10,6.0451525,46.87431806528524
2.5229174455720017e-10,6.015887,46.655162278295705
2.5241816528459535e-10,5.9993195,47.53638079185728
2.525977500096659e-10,5.9603645,48.90510424534443
2.5195820633000266e-10,6.0135085,44.506774723804355
2.5209276335386257e-10,6.0910305,45.33106794580211
2.5182639648996623e-10,6.0302305,43.68029231462755
2.51601021269652e-10,5.96857,42.29314242436713
2.519090479571394e-10,5.798462,44.271747003501815
2.5208732377943657e-10,5.6161595,45.43897227612151
2.520814371296661e-10,5.393864,45.46623888503218
2.522234773292908e-10,5.230269,46.42691097925088
2.517574519278001e-10,5.0988295,43.57969425973795
2.5074104468508935e-10,5.0142035,36.424994417739626
2.5065618934045113e-10,4.9760855,34.17146479182855
2.5105049649397153e-10,5.03423,30.70620776463612
2.5214738027872214e-10,5.1035015,45.96726840791471
2.519601797960293e-10,5.197293,44.77046300718708
2.5877879032240346e-10,6.351677,21.392106267987664
0.07299795253523526,6.5727425,19.829855485534893
0.3336635153898632,6.672359,19.33851623049444
1.3456598227058918,6.6632515,16.223264425642576
2.423710464801664,6.6062755,12.760449215038843
2.94951267374949,6.6831785,11.390917477946795
2.904417351869069,6.7255105,11.657646600245789
1.4878201660477777,6.7326945,16.001413489930343
2.55504439556379e-10,6.705248,24.37348616979495
2.5632857007950573e-10,6.5804935,23.355595446784143
2.523602402086308e-10,6.4406775,29.11095122337406
2.523171530114685e-10,6.442961,29.21489630422519
2.5507081841687796e-10,6.356431,24.524399791249245
0.38005925950725444,6.209821,17.78582711732474
0.9850770878359035,5.9338295,15.09798492102416
1.2767394831181174,5.674348,13.416518254907924
1.089462650715799,5.4942525,13.4384275442238
1.400776505996262,5.2504695,11.744900923313516
1.4958113973715867,5.135513,11.104245138524714
1.6061389958307468,5.073398,10.578145723100203
0.5483897228644824,5.0793125,13.823242318432445
2.5174927050006205e-10,5.1860655,16.01073763837764
2.5917448233594186e-10,5.475983,19.37433399104961
2.5782909587669045e-10,5.8664435,20.992819287014253
6.072362460666567,6.5854885,1.5654792487748126
5.858914474023802,6.811661,2.9067028390563125
6.50317771348696,6.89589,1.1981129198001077
6.620485572702208,6.8012535,0.5514988856942314
6.5390818953571115,6.6869535,0.451136594829491
6.536974101353412,6.7000745,0.4975976178564819
6.350243548149365,6.686966,1.0272953835926324
5.856248365079523,6.627863,2.3540935484743164
5.436525533890011,6.5722035,3.4648023143329088
5.581668079580517,6.4142445,2.540079841877237
5.84949787940926,6.2865875,1.3335022557242682
6.123102171123085,6.3159335,0.588302719118948
5.760039866106939,6.2494145,1.4930168720584653
5.4927541619945535,6.1008415,1.8551935313943089
4.835959344254934,5.8565535,3.1136969268024908
4.9016445456013855,5.611006,2.1641673807177915
5.027561061899496,5.3904545,1.10713957860815
4.763868571445537,5.207469,1.3533658642155864
4.339599975115839,5.072777,2.236825516364718
3.9260332886544123,5.0032715,3.286510400988317
3.5372659998044256,4.978444,4.396842255613647
3.1541814795660104,5.0503325,5.784904382490572
4.12124787488339,5.187619,3.253356367337764
5.303639337438438,5.4142185,0.33736230749016594
4.828496932242597,5.488836,2.014606604057593
4.81800238821298,5.698078,2.6849935524984625
5.195996595289819,5.8702855,2.057165699846753
5.555557099522,5.899037,1.0479114592963403
5.759512252759969,5.902496,0.43622438222230026
5.825245821510805,5.9303805,0.3207519112574956
5.8283306771472505,5.9267725,0.3003328995439044
5.7166194072139795,5.889763,0.528238056643795
5.728280318432571,5.8946905,0.5076953152471579
5.712800903938492,5.885268,0.5261741551803145
5.654305280780004,5.990135,1.0245717745330984
5.807492884933867,6.1388095,1.010802894469688
5.834425862314089,6.1775635,1.0468672610827896
5.956689701599871,6.1691665,0.6482384316729066
5.911598515666528,5.974616,0.19225795778731405
5.63630131110618,5.7860315,0.4568068777402242
5.236966706833432,5.527604,0.8866956978554059
5.036455104727726,5.3783575,1.043098700890741
4.960155318566876,5.233507,0.8339595972113858
4.899015873313261,5.1679275,0.8204135811612507
4.92405610744356,5.17875,0.7770371667396214
4.938692962048403,5.3428745,1.2331040757222547
5.445599419380488,5.6742985,0.697730455475039
5.961007799446812,6.0987965,0.4203749862836088
0.8066923366024702,6.4716035,17.28288994876101
1.287475902455384,6.6900795,16.482624479070182
0.6920526174467109,6.787683,18.596956956689745
2.018579459854132,6.76503,14.480788836281427
3.407444578779298,6.6982305,10.039749835937826
4.079471100729217,6.781289,8.242886793866722
3.9963274217777767,6.8037385,8.565037528169704
3.4917605296605174,6.7821815,10.038636419374207
2.3641743776972945,6.753104,13.390040102736112
5.062526718487895,6.6092055,4.718711097056595
5.987167124231324,6.470095,1.4733486711355435
5.9932072430366485,6.4821075,1.4915696112263108
5.390302402651386,6.4222115,3.1482173075938924
3.9366718352289785,6.29283,7.188324951947212
1.9317576137276762,6.0370065,12.52456793560438
2.5902282974740607e-10,5.733449,19.934679624373516
2.654840901998554e-10,5.4284925,17.395977373226984
0.9694362795406632,5.301792,13.217440658314384
0.7742584267693969,5.187,13.46268719557157
2.624582259715255e-10,5.107691,17.174924330837957
2.624556720357694e-10,5.0991925,17.15421509396113
0.4267501854719951,5.245502,14.701370400815346
1.6603013560707364e-10,5.553781,17.01063063667314
1.658008601232767,5.949311,13.092192438107812
2.517036844763334e-10,5.583315,29.45092641064149
2.5361377355343733e-10,5.7790385,25.93607004359729
2.535515935689201e-10,5.914143,26.196960279332266
2.550598962725744e-10,5.9135545,24.091799709945537
2.577413253548982e-10,5.8793335,21.085111842619927
2.6013474722066727e-10,5.904141,19.830630088564817
2.600735355793684e-10,5.911415,19.86876769283655
0.31305484355510615,5.9031595,17.054665252852896
1.2345026542435478,5.853519,14.092004070960627
2.6404046509672854e-10,5.82192,18.705120692689462
1.21267959045978,5.907369,14.322872516323516
0.6203927754640909,6.058688,16.591514882259137
2.556552839308594e-10,6.1052545,18.875314109270573
2.5872495342327987e-10,6.104979,20.856986030069052
2.625981661481072e-10,5.929334,19.27466057084212
0.7413821496956556,5.743774,15.261631707215308
1.8233568367560993,5.561929,11.405886059087074
1.873885763959055,5.3409105,10.577431002225197
1.1004717288012438,5.2220285,12.574321121897746
0.16440162094703978,5.1607755,15.243271677894633
2.5938790842045164e-10,5.168564,18.76118108114231
2.5588409183143497e-10,5.330531,22.519457253453794
2.514634985719694e-10,5.6725315,30.364956831476484
2.5198970118088944e-10,6.0957045,29.506851072902464
5.452536175874502,6.679367,3.742897551503539
5.5957053340790095,6.8891085,3.946000905407149
5.607610058884775,6.9653455,4.142270114265832
5.243360909882175,6.908802,5.081039093104154
5.30298270955938,6.827346,4.650629504039033
4.737870387539541,6.886775,6.556021949753258
2.732131752449963,6.9056485,12.732844093762063
2.2489841376170308,6.901116,14.193035104448981
2.58959729841454,6.8830025,13.09860780962509
3.2810487306168046,6.7442555,10.565782894104329
2.7273500482737525,6.615363,11.861810013855784
5.140209341897765,6.613087,4.493553692617676
5.982890027380456,6.5477565,1.7233324239289622
5.746001548103293,6.417838,2.0496835927416086
4.772339315491604,6.16857,4.259713978050769
4.26252661845506,5.8858465,4.9525328921521625
4.662557303876294,5.55646,2.727178146395045
4.9687826425377,5.4351055,1.4226889704098025
5.1257841963782536,5.325581,0.6095534553145148
4.978606961800297,5.247478,0.8202897510890096
4.86551108289556,5.244344,1.1557688074724017
5.232818607515865,5.3969405,0.5007140498367122
5.246658818822606,5.7290855,1.471819593109326
5.851539895251504,6.134265,0.8625566641256306
2.526667973316094e-10,6.1646115,28.069619422512893
2.5422611324172e-10,6.4014965,25.736718786057725
0.36312368034710124,6.52057,18.785549152820863
2.572741828987099e-10,6.4851095,22.45280153836982
2.621426756340339e-10,6.3794845,19.878590775583838
1.8427303100242318,6.3196255,13.658411341295082
1.6373756148813419,6.303046,14.234339335298532
0.17483652528828914,6.2695825,18.59425874609659
1.6532662138385184,6.2177905,13.925756050138855
2.9695843633956773,6.163091,9.742963686659245
3.664490313488258,6.2178875,7.790074954342847
3.9589519004307205,6.3120835,7.179091304359357
3.378010765763886,6.323766,8.987107134262363
3.4963177570064006,6.264891,8.446548462279264
3.8605303342711905,6.110322,6.863814920973967
3.1952148778276457,5.9257535,8.330509896642901
2.2988905197781486,5.708107,10.401065708119692
3.18788732061847,5.5195625,7.1136306222546715
3.361968525359672,5.3976985,6.210741193521145
2.676847702755938,5.312217,8.040160953531547
1.7446204360647597,5.2745415,10.769319326995898
2.297645579880419,5.3250175,9.236108779559444
4.634668192668725,5.402832,2.3435655327985483
4.580693015134626,5.48806,2.768255899220291
2.542364826634202e-10,6.683842,26.024214567853182
2.556773797425236e-10,6.897132,24.45915067937338
2.579509192874811e-10,6.9736185,23.204303910204633
2.5860882087047624e-10,6.933533,22.874522191620073
2.62491980502765e-10,6.850464,21.602177736317152
2.5634061177383846e-10,6.93854,23.96906197253715
2.5133431065773884e-10,6.95755,33.716054729349906
2.5125288057823114e-10,6.9586485,38.66947340556564
2.5118428156135195e-10,6.9612655,37.54128462207123
2.5116037732238407e-10,6.8337795,37.55601482906758
2.520635915747374e-10,6.7254015,30.281586465980656
2.547930755489499e-10,6.743868,25.3019474872409
0.12787203003614306,6.6905415,20.021831048516194
0.7042096224228032,6.5695495,17.89437127817955
0.2727597633638472,6.295007,18.373074746002462
2.5948167334653315e-10,6.012823,20.32347166791097
2.617119883374243e-10,5.741784,18.97926686989513
2.607648462565572e-10,5.5415325,18.74677899623037
2.6120955614245813e-10,5.4244695,18.319296254150405
2.641427275348802e-10,5.3531945,17.45363123937475
2.60371660646452e-10,5.3449565,18.453961733782798
2.657812569308457e-10,5.501743,17.31213542948685
0.9069368624791272,5.8415515,15.05485245234679
2.602830785409003,6.242283,11.103484288814528
3.7618880183953096,6.421506,8.114140461959884
4.855174526035979,6.6535925,5.486733866210608
5.251815039742916,6.7553605,4.587117075044995
5.199061098329,6.743383,4.711520570368818
5.367766350161034,6.678415,3.9986145814276606
5.49164213295551,6.73066,3.780078597329104
5.461955925024011,6.7364325,3.8882583956000487
5.788979389927747,6.7415965,2.9063080083517128
5.686965805870132,6.742066,3.2189702570949015
5.995865313880552,6.6311755,1.9382468176171974
5.184855557947602,6.517534,4.065824545258165
4.849947709183267,6.4830545,4.982391449692901
4.149051423885706,6.39141,6.8411375539258525
4.888273733267444,6.2541785,4.1671936393612565
5.311294004361699,6.0191,2.1594218830729552
5.5121318348121235,5.803509,0.8889529489087818
5.370878559718157,5.600549,0.7006939445164292
4.925953680115039,5.366057,1.342696651136813
4.299624719272241,5.224787,2.8225469783028823
3.9613402508785267,5.140426,3.597233682621413
4.03013202975462,5.1024655,3.271546688724005
3.753284413322172,5.165992,4.309982813445119
3.153332378611001,5.3032955,6.5592513195780535
2.655528690489891,5.5058405,8.695921949155249
3.352819050472377,6.421277,9.361456786626015
4.701547514240174,6.658813,5.971356481759077
3.9683398017306093,6.76256,8.524793909167116
3.656567769010846,6.757647,9.460979974402935
4.866831776592753,6.686499,5.551562497942509
5.381189515623547,6.7628105,4.215141727536286
4.493563872923632,6.7645155,6.928371146624777
1.603598367964664,6.7769625,15.783245382037485
0.9449560781354813,6.693233,17.5372277817273
2.2867258656885227e-10,6.570029,20.181288292425354
2.8846890327936383,6.5106725,11.062392933253335
2.60339567596405e-10,6.523622,21.335666508766273
3.4564536831419805,6.440591,9.104205759605113
4.399702585833785,6.276941,5.727204538091418
5.314505309243484,5.9943615,2.0741507485557946
5.301489244463641,5.701343,1.2199005876060363
4.7309959020628956,5.4444435,2.176633660779286
3.2517223202837657,5.255954,6.114644088196954
3.649451953515445,5.148202,4.572486905881631
3.68914265342811,5.078341,4.23825925101062
3.280607734289496,5.072643,5.467261072856083
3.733325119554171,5.2357855,4.5838066409451
4.811973250618868,5.5868015,2.363897858442111
5.418941197666861,5.9949455,1.7573124598773662
2.3406317449223644,6.439825,12.506093010849838
4.024786196664151,6.6801145,8.101053224531672
4.169531690150347,6.818293,8.081018201489604
3.962217650962904,6.7964925,8.64699531730031
4.011233752816251,6.720511,8.26564427149258
3.690017764184498,6.782641,9.435181858639197
1.1463426267297525,6.7327625,17.043423469999475
1.7907579723571911,6.700246,14.978194509996744
0.9563900748287278,6.674976,17.446644502753173
0.5348601377316232,6.5625,18.389526928863546
0.5228535254891495,6.502862,18.244209904650727
1.602985560238954,6.5186895,14.997158430520956
3.237155370160025,6.442005,9.777569649239526
4.349946198332156,6.2752835,5.8739478417946
5.105753729648768,5.98963,2.6965888559026707
4.577097133093967,5.703428,3.4362855587747996
4.284817527130599,5.4256475,3.480520401204319
4.18107261477563,5.25986,3.2912367242968754
3.0492931009039523,5.142397,6.3857814004450155
2.637927974440114e-10,5.0689425,16.769424111991743
0.00130874098841726,5.0680905,15.458076747749331
2.666756596221631e-10,5.226949,16.551367084743333
1.4630136353540693,5.5562365,12.487878144305377
1.5542843718076857,5.94291,13.389112657156542
